{
  "bad_counter": 10, 
  "domain_interpolation_cur": null, 
  "uidx": 54000, 
  "history_errs": [
    106.2214584350586, 
    93.91246795654297, 
    88.31427001953125, 
    78.1640853881836, 
    72.5180435180664, 
    70.3272933959961, 
    70.18834686279297, 
    66.76656341552734, 
    68.30035400390625, 
    66.86988067626953, 
    67.96088409423828, 
    69.57696533203125, 
    73.39244842529297, 
    74.35647583007812, 
    77.36070251464844, 
    80.4009780883789, 
    82.69390869140625
  ], 
  "estop": false, 
  "eidx": 32
}