{
  "bad_counter": 10, 
  "domain_interpolation_cur": null, 
  "uidx": 54000, 
  "history_errs": [
    97.42108154296875, 
    87.16253662109375, 
    76.87001037597656, 
    71.0593032836914, 
    67.26526641845703, 
    66.18757629394531, 
    63.301170349121094, 
    62.93052291870117, 
    62.05213165283203, 
    62.155174255371094, 
    62.197635650634766, 
    63.290260314941406, 
    63.6989631652832, 
    64.78744506835938, 
    66.04114532470703, 
    67.9205093383789, 
    69.55131530761719, 
    71.91511535644531
  ], 
  "estop": false, 
  "eidx": 29
}