{
  "bad_counter": 11, 
  "domain_interpolation_cur": null, 
  "uidx": 45000, 
  "history_errs": [
    115.10208129882812, 
    108.35641479492188, 
    104.7824935913086, 
    102.69334411621094, 
    100.88687133789062, 
    101.75538635253906, 
    101.18424987792969, 
    103.47418212890625, 
    104.51116180419922, 
    107.17771911621094, 
    101.11431884765625, 
    102.62215423583984, 
    103.77666473388672, 
    104.82052612304688, 
    108.50628662109375
  ], 
  "estop": true, 
  "eidx": 27
}