{
  "bad_counter": 10, 
  "domain_interpolation_cur": null, 
  "uidx": 42000, 
  "history_errs": [
    116.31059265136719, 
    106.26887512207031, 
    102.3631820678711, 
    101.47193908691406, 
    100.89966583251953, 
    102.88045501708984, 
    106.23735046386719, 
    114.1646499633789, 
    120.26558685302734, 
    129.11073303222656, 
    102.25564575195312, 
    106.20561218261719, 
    111.47154235839844, 
    120.95746612548828
  ], 
  "estop": false, 
  "eidx": 50
}