{
  "bad_counter": 1, 
  "domain_interpolation_cur": null, 
  "uidx": 60000, 
  "history_errs": [
    117.36849975585938, 
    102.60450744628906, 
    94.62686157226562, 
    89.67497253417969, 
    83.20170593261719, 
    76.08038330078125, 
    69.36456298828125, 
    67.11416625976562, 
    63.78542709350586, 
    62.58185577392578, 
    60.92491912841797, 
    59.434471130371094, 
    59.614349365234375, 
    57.9153938293457, 
    57.28897476196289, 
    56.582401275634766, 
    55.927974700927734, 
    55.918670654296875, 
    55.63978576660156, 
    55.211585998535156
  ], 
  "estop": false, 
  "eidx": 6
}