{
  "bad_counter": 1, 
  "domain_interpolation_cur": null, 
  "uidx": 90000, 
  "history_errs": [
    154.75054931640625, 
    125.68436431884766, 
    116.62615966796875, 
    108.63925170898438, 
    103.68746948242188, 
    99.66980743408203, 
    96.40515899658203, 
    93.5185317993164, 
    91.27283477783203, 
    92.11854553222656, 
    87.97474670410156, 
    86.24003601074219, 
    85.5335464477539, 
    84.24868774414062, 
    84.06233978271484, 
    82.34888458251953, 
    81.63188934326172, 
    80.77618408203125, 
    82.59486389160156, 
    80.47918701171875, 
    80.03133392333984, 
    80.47249603271484, 
    79.61662292480469, 
    79.50316619873047, 
    79.48965454101562, 
    79.61769104003906, 
    79.39451599121094
  ], 
  "estop": false, 
  "eidx": 15
}
