{
  "bad_counter": 10, 
  "domain_interpolation_cur": null, 
  "uidx": 66000, 
  "history_errs": [
    213.51278686523438, 
    184.4145965576172, 
    161.5696258544922, 
    148.08731079101562, 
    139.12782287597656, 
    134.21156311035156, 
    134.59063720703125, 
    135.21694946289062, 
    131.08865356445312, 
    134.5685577392578, 
    128.4803466796875, 
    129.3617706298828, 
    129.13156127929688, 
    129.39878845214844, 
    130.4061279296875, 
    131.7572479248047, 
    130.22207641601562, 
    129.79454040527344, 
    129.35386657714844, 
    136.13465881347656
  ], 
  "estop": false, 
  "eidx": 21
}